set,goal,success,mode,elapsed_s,had_sorry,verified_ok,cut_off
hol_main_easy,!!k:: 'a::linorder. -lessThan k = atLeast k,True,success,7.94,False,True,False
hol_main_easy,(1 - x) * (\<Sum>i=m..n. x^i) = x^m - x^Suc n,False,deadline_overrun,132.11,True,True,False
hol_main_easy,(A \<union> B) - C = (A - C) \<union> (B - C),True,success,7.31,False,True,False
hol_main_easy,(\<And>x::unit. PROP P x) \<equiv> PROP P (),True,success,9.12,False,True,False
hol_main_easy,(\<exists>x y. P x y) = (\<exists>y x. P x y),True,success,7.25,False,True,False
hol_main_easy,(\<lambda>h::'a::mult_zero. 0) = (*) 0,True,success,9.19,False,True,False
hol_main_easy,(a::'a::group_add) - (b + c) = a - c - b,True,success,38.16,False,True,False
hol_main_easy,(a::'a::idom_divide) div - b = - (a div b),False,deadline_overrun,124.96,True,True,False
hol_main_easy,(equivclp r)\<^sup>*\<^sup>* = equivclp r,True,success,13.28,False,True,False
hol_main_easy,(if True then x else y) = x,True,success,9.29,False,True,False
hol_main_easy,(if x = y then y else x) = x,True,success,9.24,False,True,False
hol_main_easy,(map_option f opt = None) = (opt = None),True,success,7.14,False,True,False
hol_main_easy,(n + m) - n = m,False,deadline_overrun,125.04,False,False,False
hol_main_easy,(take n xs = []) = (n = 0 \<or> xs = []),True,success,9.23,False,True,False
hol_main_easy,"(x, x) \<in> R ^^ 0",True,success,9.31,False,True,False
hol_main_easy,(xs @ ys = []) = (xs = [] \<and> ys = []),True,success,7.16,False,True,False
hol_main_easy,(xs @ ys = xs @ zs) = (ys = zs),True,success,7.19,False,True,False
hol_main_easy,0 - (a::'a::group_add) = - a,True,success,9.30,False,True,False
hol_main_easy,0 \<notin> Suc ` A,True,success,7.38,False,True,False
hol_main_easy,0 gchoose (Suc k) = 0,True,success,9.37,False,True,False
hol_main_easy,1 + a + a \<noteq> 0,True,success,26.08,False,True,False
hol_main_easy,A = B \<Longrightarrow> A \<subseteq> B,True,success,7.30,False,True,False
hol_main_easy,A \<union> B = fold insert B A,False,sorry_leak,97.89,True,True,False
hol_main_easy,Ball (f ` A) g = Ball A (g \<circ> f),True,success,9.25,False,True,False
hol_main_easy,Ball A P = (A \<subseteq> (Collect P)),True,success,7.27,False,True,False
hol_main_easy,Ball UNIV P \<longleftrightarrow> All P,True,success,7.32,False,True,False
hol_main_easy,CARD('a bit1) = Suc (2 * CARD('a::finite)),False,sorry_leak,107.23,True,True,False
hol_main_easy,HOL.equal k k \<longleftrightarrow> True,False,deadline_overrun,127.28,False,False,False
hol_main_easy,Neg m + Neg n = Neg (m + n),False,sorry_leak,101.70,True,True,False
hol_main_easy,Range (r\<inverse>) = Domain r,True,success,7.24,False,True,False
hol_main_easy,UNIV = List.coset [],True,success,9.30,False,True,False
hol_main_easy,UNIV \<inter> B = B,True,success,7.32,False,True,False
hol_main_easy,"X = Y \<longleftrightarrow> (x, y) \<in> r",False,sorry_leak,96.68,True,True,False
hol_main_easy,\<Sum> {0..<card S} \<le> \<Sum> S,False,deadline_overrun,130.61,True,True,False
hol_main_easy,\<exists>!x. t = x,True,success,7.33,False,True,False
hol_main_easy,\<exists>a. b = f a,False,deadline_overrun,125.06,True,True,False
hol_main_easy,\<exists>n. k = int n,False,deadline_overrun,124.61,True,True,False
hol_main_easy,"\<exists>x y. p = (x, y)",True,success,9.24,False,True,False
hol_main_easy,\<forall>X \<in> A//r. univ f X \<in> B,False,sorry_leak,107.01,True,True,False
hol_main_easy,\<forall>x y. P x y \<Longrightarrow> P x y,True,success,7.30,False,True,False
hol_main_easy,\<lambda>x. x \<in> A,False,deadline_overrun,127.04,True,True,False
hol_main_easy,\<nexists>f. f ` A = Pow A,True,success,50.16,False,True,False
hol_main_easy,\<not> [] \<parallel> x,False,deadline_overrun,125.65,True,True,False
hol_main_easy,\<not> finite (UNIV :: num0 set),False,deadline_overrun,132.97,True,True,False
hol_main_easy,\<top> = (\<lambda>x. x \<in> UNIV),False,deadline_overrun,126.04,False,False,False
hol_main_easy,a \<ge> 0 \<Longrightarrow> mono ((*) a),False,deadline_overrun,123.77,True,True,False
hol_main_easy,a \<in> {} \<Longrightarrow> P,True,success,7.10,False,True,False
hol_main_easy,apfst f (apfst g x) = apfst (f \<circ> g) x,True,success,38.23,False,True,False
hol_main_easy,"apsnd f (apfst g x) = (g (fst x), f (snd x))",True,success,9.22,False,True,False
hol_main_easy,asymp_on A r \<Longrightarrow> irreflp_on A r,True,success,9.24,False,True,False
hol_main_easy,butlast (rev xs) = rev (tl xs),True,success,9.18,False,True,False
hol_main_easy,card (A <+> B) = card A + card B,False,deadline_overrun,138.20,True,True,False
hol_main_easy,card {l<..<u} = u - Suc l,True,success,7.19,False,True,False
hol_main_easy,dom (m ++ n) = dom n \<union> dom m,True,success,9.28,False,True,False
hol_main_easy,drop n (map f xs) = map f (drop n xs),True,success,30.60,False,True,False
hol_main_easy,equivclp (conversep r) = equivclp r,True,success,13.06,False,True,False
hol_main_easy,equivp R \<Longrightarrow> R x x,True,success,41.40,False,True,False
hol_main_easy,f(x := f x) = f,True,success,7.16,False,True,False
hol_main_easy,finite (r\<^sup>+) = finite r,True,success,7.18,False,True,False
hol_main_easy,finite F \<Longrightarrow> finite (h ` F),True,success,7.12,False,True,False
hol_main_easy,finite {i :: int. a < i \<and> i \<le> b},True,success,7.08,False,True,False
hol_main_easy,fst (apfst f x) = f (fst x),True,success,9.19,False,True,False
hol_main_easy,fst bc = (fst \<circ> fstOp P Q) bc,False,deadline_overrun,137.71,True,True,False
hol_main_easy,i \<le> j \<Longrightarrow> k * i \<le> k * j,True,success,25.79,False,True,False
hol_main_easy,insert a B = {x. x = a} \<union> B,True,success,7.14,False,True,False
hol_main_easy,insert x UNIV = UNIV,True,success,7.21,False,True,False
hol_main_easy,inv (\<lambda>a. a) = (\<lambda>a. a),True,success,9.35,False,True,False
hol_main_easy,irrefl R \<Longrightarrow> irrefl (lexord R),True,success,32.43,False,True,False
hol_main_easy,last (xs @ [x]) = x,True,success,9.10,False,True,False
hol_main_easy,length (rev xs) = length xs,True,success,9.31,False,True,False
hol_main_easy,length (suffixes xs) = Suc (length xs),False,sorry_leak,118.16,True,True,False
hol_main_easy,length (x # xs) = Suc (length xs),True,success,9.23,False,True,False
hol_main_easy,lfp f = (f ^^ k) bot,False,deadline_overrun,133.32,True,True,False
hol_main_easy,listsp (inf A B) = inf (listsp A) (listsp B),True,success,7.22,False,True,False
hol_main_easy,m < nat z \<longleftrightarrow> int m < z,True,success,9.37,False,True,False
hol_main_easy,m \<le> n \<Longrightarrow> m - n = 0,True,success,26.07,False,True,False
hol_main_easy,map_of xs = map_of ys,False,deadline_overrun,126.08,False,False,False
hol_main_easy,map_option f \<circ> empty = empty,False,deadline_overrun,124.68,True,True,False
hol_main_easy,min top (x::'a::order_top) = x,True,success,9.22,False,True,False
hol_main_easy,mono f \<Longrightarrow> mono_on A f,True,success,38.51,False,True,False
hol_main_easy,m|`A|`B = m|`(A\<inter>B),True,success,9.22,False,True,False
hol_main_easy,n > 0 \<Longrightarrow> Suc (n - Suc 0) = n,True,success,9.37,False,True,False
hol_main_easy,nat (Int.Pos k) = nat_of_num k,True,success,58.65,False,True,False
hol_main_easy,prefix xs ys \<Longrightarrow> sublist xs ys,False,sorry_leak,73.51,True,True,False
hol_main_easy,r\<^sup>+ = r \<union> r\<^sup>+ O r,True,success,38.44,False,True,False
hol_main_easy,"r``{a} = {b. (a, b) \<in> r}",True,success,7.16,False,True,False
hol_main_easy,s = t \<Longrightarrow> t = s,True,success,7.27,False,True,False
hol_main_easy,set(minus_list_set xs ys) = set xs - set ys,True,success,9.18,False,True,False
hol_main_easy,snd (prod.swap x) = fst x,True,success,9.34,False,True,False
hol_main_easy,sort [m..<n] = [m..<n],True,success,9.30,False,True,False
hol_main_easy,sum f (A - B) = sum f A - sum f B,False,hallucinated_id,135.13,True,True,False
hol_main_easy,surj f \<Longrightarrow> f ` (f -` A) = A,True,success,13.32,False,True,False
hol_main_easy,symp_on A R\<inverse>\<inverse> = symp_on A R,True,success,9.25,False,True,False
hol_main_easy,"x = (y, z) \<Longrightarrow> fst x = y",True,success,9.13,False,True,False
hol_main_easy,z \<le> 0 \<Longrightarrow> nat z = 0,True,success,9.35,False,True,False
hol_main_easy,"{(a,b). P} = (if P then UNIV else {})",True,success,9.16,False,True,False
hol_main_easy,{0..Suc n} = insert 0 (Suc ` {0..n}),True,success,9.26,False,True,False
hol_main_easy,{Suc 0..<n} = {..<n} - {0},True,success,9.32,False,True,False
hol_main_easy,{Suc 0..n} = {..n} - {0},True,success,9.15,False,True,False
hol_main_easy,{l..<u+1} = {l..(u::int)},True,success,9.24,False,True,False
hol_main_hard,((P \<longleftrightarrow> Q) \<longleftrightarrow> R) \<longleftrightarrow> (P \<longleftrightarrow> (Q \<longleftrightarrow> R)),True,success,5.99,False,True,False
hol_main_hard,((\<lambda>x. if x \<in> B then c else d) -` A) = (if c \<in> A then (if d \<in> A then UNIV else B) else if d \<in> A then - B else {}),True,success,9.24,False,True,False
hol_main_hard,"(A, B) \<in> max_ext R \<Longrightarrow> (C, D) \<in> max_ext R \<Longrightarrow> (A \<union> C, B \<union> D) \<in> max_ext R",True,success,38.93,False,True,False
hol_main_hard,(LIM x F1. f x :> F2) \<longleftrightarrow> (\<forall>P. eventually P F2 \<longrightarrow> eventually (\<lambda>x. P (f x)) F1),False,sorry_leak,113.68,True,True,False
hol_main_hard,(\<And>a b. x a b \<longrightarrow> y a b) \<Longrightarrow> x\<^sup>*\<^sup>* a b \<longrightarrow> y\<^sup>*\<^sup>* a b,True,success,38.41,False,True,False
hol_main_hard,(\<And>fa y. fa \<in> range f \<Longrightarrow> y \<in> range fa \<Longrightarrow> P y) \<equiv> (\<And>x xa. P (f x xa)),False,sorry_leak,109.67,True,True,False
hol_main_hard,"(\<And>x y. (x, y) \<in> r \<Longrightarrow> (\<And>z. (x, z) \<in> r \<Longrightarrow> y = z)) \<Longrightarrow> single_valued r",True,success,37.36,False,True,False
hol_main_hard,(\<And>x y. Grp P id x y \<Longrightarrow> Grp Q id (f x) (f y)) \<equiv> (\<And>x. x \<in> P \<Longrightarrow> f x \<in> Q),False,sorry_leak,104.84,True,True,False
hol_main_hard,(\<And>x y. x \<in> A \<Longrightarrow> y \<in> A \<Longrightarrow> R x y \<Longrightarrow> \<not> R y x) \<Longrightarrow> asymp_on A R,True,success,7.17,False,True,False
hol_main_hard,(\<And>x y. x \<in> set xs \<Longrightarrow> y \<in> set xs \<Longrightarrow> f y \<circ> f x = f x \<circ> f y) \<Longrightarrow> foldr f xs = fold f xs,True,success,40.85,False,True,False
hol_main_hard,(\<forall>\<^sub>Fx in F. C \<longrightarrow> P x) \<longleftrightarrow> (C \<longrightarrow> (\<forall>\<^sub>Fx in F. P x)),True,success,9.31,False,True,False
hol_main_hard,(\<forall>x. \<not> P x ) \<Longrightarrow> \<not> trivial_limit net \<Longrightarrow> \<not> eventually (\<lambda>x. P x) net,True,success,9.24,False,True,False
hol_main_hard,(\<forall>x. if x = a then P x else Q x) \<longleftrightarrow> P a \<and> (\<forall>x. x\<noteq>a \<longrightarrow> Q x),True,success,9.02,False,True,False
hol_main_hard,"(\<lambda>x y. (x, y) \<in> R) \<sqinter> (\<lambda>x y. (x, y) \<in> S) = (\<lambda>x y. (x, y) \<in> R \<inter> S)",False,sorry_leak,79.44,True,True,False
hol_main_hard,(a::'a::linordered_idom) * c < c \<longleftrightarrow> (0 \<le> c \<longrightarrow> a < 1) \<and> (c \<le> 0 \<longrightarrow> 1 < a),True,success,63.59,False,True,False
hol_main_hard,(a::'a::linordered_ring_strict) * c < b * c \<longleftrightarrow> 0 < c \<and> a < b \<or> c < 0 \<and> b < a,True,success,63.27,False,True,False
hol_main_hard,(a::'a::order) < f b \<Longrightarrow> (b::'b::order) < c \<Longrightarrow> (!!x y. x < y \<Longrightarrow> f x < f y) \<Longrightarrow> a < f c,True,success,15.61,False,True,False
hol_main_hard,(a::'a::order) <= b \<Longrightarrow> f b < (c::'c::order) \<Longrightarrow> (!!x y. x <= y \<Longrightarrow> f x <= f y) \<Longrightarrow> f a < c,True,success,19.35,False,True,False
hol_main_hard,(a::'a::order) <= f b \<Longrightarrow> (b::'b::order) < c \<Longrightarrow> (!!x y. x < y \<Longrightarrow> f x < f y) \<Longrightarrow> a < f c,True,success,15.53,False,True,False
hol_main_hard,(a::'a::order) <= f b \<Longrightarrow> (b::'b::order) <= c \<Longrightarrow> (!!x y. x <= y \<Longrightarrow> f x <= f y) \<Longrightarrow> a <= f c,True,success,19.23,False,True,False
hol_main_hard,(a::'a::semilattice_sup) \<le> c \<Longrightarrow> b \<le> d \<Longrightarrow> a \<squnion> b \<le> c \<squnion> d,False,sorry_leak,113.21,True,True,False
hol_main_hard,(a::'a::semiring_gcd) dvd d \<and> b dvd d \<and> normalize d = d \<and> (\<forall>e. a dvd e \<and> b dvd e \<longrightarrow> d dvd e) \<longleftrightarrow> d = lcm a b,True,success,56.81,False,True,False
hol_main_hard,"(case p of (a, b) \<Rightarrow> c a b) \<Longrightarrow> (\<And>x y. p = (x, y) \<Longrightarrow> c x y \<Longrightarrow> Q) \<Longrightarrow> Q",True,success,7.19,False,True,False
hol_main_hard,(if Q then x else y) = b \<longleftrightarrow> (Q \<longrightarrow> x = b) \<and> (\<not> Q \<longrightarrow> y = b),True,success,9.31,False,True,False
hol_main_hard,"(insert (a,b) r)\<^sup>* = r\<^sup>* \<union> {(x, y). (x, a) \<in> r\<^sup>* \<and> (b, y) \<in> r\<^sup>*}",True,success,50.16,False,True,False
hol_main_hard,"(insert (y, x) r)\<^sup>+ = r\<^sup>+ \<union> {(a, b). (a, y) \<in> r\<^sup>* \<and> (x, b) \<in> r\<^sup>*}",True,success,49.72,False,True,False
hol_main_hard,"(of_int n / of_int m :: 'a :: {division_ring,ring_char_0}) \<in> \<int> \<longleftrightarrow> m = 0 \<or> m dvd n",True,success,67.70,False,True,False
hol_main_hard,"(x, z) \<in> R ^^ Suc n \<Longrightarrow> (\<And>y. (x, y) \<in> R \<Longrightarrow> (y, z) \<in> R ^^ n \<Longrightarrow> P) \<Longrightarrow> P",True,success,63.77,False,True,False
hol_main_hard,"(x,y) \<in> r\<^sup>* \<Longrightarrow> (xs, ys) \<in> (listrel1 r)\<^sup>* \<Longrightarrow> (x # xs, y # ys) \<in> (listrel1 r)\<^sup>*",False,deadline_overrun,123.48,True,True,False
hol_main_hard,(x::'a::bounded_semilattice_sup_bot) \<squnion> y = \<bottom> \<longleftrightarrow> x = \<bottom> \<and> y = \<bottom>,False,sorry_leak,84.54,True,True,False
hol_main_hard,(x::'a::semilattice_inf) \<le> a \<sqinter> b \<Longrightarrow> (x \<le> a \<Longrightarrow> x \<le> b \<Longrightarrow> P) \<Longrightarrow> P,False,deadline_overrun,124.70,False,False,False
hol_main_hard,(xs = [] \<Longrightarrow> P) \<Longrightarrow>(\<And>ys y. xs = ys @ [y] \<Longrightarrow> P) \<Longrightarrow> P,True,success,38.93,False,True,False
hol_main_hard,(y = None \<Longrightarrow> P) \<Longrightarrow> (\<And>a. y = Some a \<Longrightarrow> P) \<Longrightarrow> P,True,success,7.18,False,True,False
hol_main_hard,(y = [] \<Longrightarrow> P) \<Longrightarrow> (\<And>a list. y = a # list \<Longrightarrow> P) \<Longrightarrow> P,True,success,38.74,False,True,False
hol_main_hard,0 \<le> (x::'a::linordered_idom) \<Longrightarrow> 0 \<le> y \<Longrightarrow> y \<le> 1 \<Longrightarrow> y * x \<le> x,True,success,63.27,False,True,False
hol_main_hard,"A \<subseteq> Collect (case_prod (R \<inverse>\<inverse>)) \<Longrightarrow> (%(x, y). (y, x)) ` A \<subseteq> Collect (case_prod R)",True,success,13.14,False,True,False
hol_main_hard,A \<subseteq> insert x B \<longleftrightarrow> (if x \<in> A then A - {x} \<subseteq> B else A \<subseteq> B),True,success,9.14,False,True,False
hol_main_hard,A \<times> B = C \<times> D \<longleftrightarrow> A = C \<and> B = D \<or> (A = {} \<or> B = {}) \<and> (C = {} \<or> D = {}),True,success,7.10,False,True,False
hol_main_hard,Id \<subseteq> s \<Longrightarrow> (r\<^sup>* \<inter> s) O r \<subseteq> s \<Longrightarrow> r\<^sup>* \<subseteq> s,True,success,42.76,False,True,False
hol_main_hard,LIM x inf F (principal {x. P x}). f x :> G \<Longrightarrow> LIM x inf F (principal {x. \<not> P x}). g x :> G \<Longrightarrow> LIM x F. if P x then f x else g x :> G,False,hallucinated_id,120.43,True,True,False
hol_main_hard,Lcm\<^sub>f\<^sub>i\<^sub>n A = 1 \<longleftrightarrow> (\<forall>(a::'a::semiring_gcd)\<in>A. is_unit a) \<and> finite A,False,deadline_overrun,135.11,True,True,False
hol_main_hard,P (a - b) \<longleftrightarrow> \<not> (a < b \<and> \<not> P 0 \<or> (\<exists>d. a = b + d \<and> \<not> P d)),False,deadline_overrun,127.53,True,True,False
hol_main_hard,P1 \<longrightarrow> Q1 \<Longrightarrow> P2 \<longrightarrow> Q2 \<Longrightarrow> (P1 \<and> P2) \<longrightarrow> (Q1 \<and> Q2),True,success,7.13,False,True,False
hol_main_hard,"R O S = Finite_Set.fold (\<lambda>(x,y) A. Finite_Set.fold (\<lambda>(w,z) A'. if y = w then Set.insert (x,z) A' else A') A S) {} R",False,deadline_overrun,126.18,True,True,False
hol_main_hard,"Set.insert x R O S = Finite_Set.fold (\<lambda>(w,z) A'. if snd x = w then Set.insert (fst x,z) A' else A') (R O S) S",False,deadline_overrun,133.65,True,True,False
hol_main_hard,X \<noteq> {} \<Longrightarrow> bdd_above X \<Longrightarrow> (y::'a::conditionally_complete_linorder) < Sup X \<longleftrightarrow> (\<exists>x\<in>X. y < x),True,success,68.29,False,True,False
hol_main_hard,"\<And>p. (\<And>a b. p = (a, b) \<Longrightarrow> z \<in> c a b) \<Longrightarrow> z \<in> (case p of (a, b) \<Rightarrow> c a b)",True,success,6.98,False,True,False
hol_main_hard,\<bottom> = (x::'a::bounded_semilattice_sup_bot) \<squnion> y \<longleftrightarrow> x = \<bottom> \<and> y = \<bottom>,False,sorry_leak,88.13,True,True,False
hol_main_hard,\<forall>x\<in>A. \<forall>y\<in>A. g (f x) = g (f y) \<longleftrightarrow> g x = g y \<Longrightarrow> inj_on f A \<Longrightarrow> inj_on g (f ` A) \<longleftrightarrow> inj_on g A,False,truncation,136.23,False,False,False
hol_main_hard,\<lbrakk> P (x::'a::order); \<And>y. P y \<Longrightarrow> x \<ge> y \<rbrakk> \<Longrightarrow> Greatest P = x,True,success,67.35,False,True,False
hol_main_hard,"\<lbrakk> i < size xs; j < size xs\<rbrakk> \<Longrightarrow> distinct(xs[i := xs!j, j := xs!i]) = distinct xs",True,success,9.26,False,True,False
hol_main_hard,\<lbrakk> inj_on f (set xs); x \<in> set xs \<rbrakk> \<Longrightarrow> count_list (map f xs) (f x) = count_list xs x,True,success,78.41,False,True,False
hol_main_hard,"\<lbrakk>(x @ u, x @ v) \<in> lexord r; (\<forall>a. (a,a) \<notin> r) \<rbrakk> \<Longrightarrow> (u,v) \<in> lexord r",True,success,38.16,False,True,False
hol_main_hard,\<lbrakk>R \<subseteq> B \<times> B\<rbrakk> \<Longrightarrow> relInvImage A R f = Gr A f O R O (Gr A f)\<inverse>,False,deadline_overrun,127.18,False,False,False
hol_main_hard,\<lbrakk>distinct xs; x \<in> set xs\<rbrakk> \<Longrightarrow> dropWhile (\<lambda>y. y \<noteq> x) (rev xs) = x # rev (takeWhile (\<lambda>y. y \<noteq> x) xs),True,success,73.76,False,True,False
hol_main_hard,\<lbrakk>l = k; \<And>x. x \<in> set l \<Longrightarrow> P x = Q x\<rbrakk> \<Longrightarrow> takeWhile P l = takeWhile Q k,True,success,38.51,False,True,False
hol_main_hard,\<lbrakk>x#ys \<in> L; y#zs \<in> L; x \<noteq> y \<rbrakk> \<Longrightarrow> Longest_common_prefix L = [],False,deadline_overrun,134.58,True,True,False
hol_main_hard,\<not> finite S \<longleftrightarrow> (\<exists>f::nat \<Rightarrow> 'a. inj f \<and> range f \<subseteq> S),True,success,82.42,False,True,False
hol_main_hard,a = (if Q then x else y) \<longleftrightarrow> (Q \<longrightarrow> a = x) \<and> (\<not> Q \<longrightarrow> a = y),True,success,9.19,False,True,False
hol_main_hard,a = b \<Longrightarrow> l = k \<Longrightarrow> (\<And>a x. x \<in> set l \<Longrightarrow> f a x = g a x) \<Longrightarrow> foldl f a l = foldl g b k,True,success,49.19,False,True,False
hol_main_hard,a = f b \<Longrightarrow> b < c \<Longrightarrow> (!!x y. x < y \<Longrightarrow> f x < f y) \<Longrightarrow> a < f c,True,success,7.06,False,True,False
hol_main_hard,a = f b \<Longrightarrow> b <= c \<Longrightarrow> (!!x y. x <= y \<Longrightarrow> f x <= f y) \<Longrightarrow> a <= f c,True,success,7.15,False,True,False
hol_main_hard,a dvd d \<and> b dvd d \<and> (\<forall>e. a dvd e \<and> b dvd e \<longrightarrow> d dvd e) \<longleftrightarrow> d = lcm a b,False,deadline_overrun,129.09,True,True,False
hol_main_hard,antisymp_on A R \<Longrightarrow> x \<in> A \<Longrightarrow> y \<in> A \<Longrightarrow> R x y \<Longrightarrow> R y x \<Longrightarrow> x = y,True,success,38.32,False,True,False
hol_main_hard,b \<in> range (\<lambda>x. f x) \<Longrightarrow> (\<And>x. b = f x \<Longrightarrow> P) \<Longrightarrow> P,True,success,7.23,False,True,False
hol_main_hard,card (\<Union>A) = nat (\<Sum>I | I \<subseteq> A \<and> I \<noteq> {}. (- 1) ^ (card I + 1) * int (card (\<Inter>I))),False,truncation,130.08,True,True,False
hol_main_hard,card {T. T \<subseteq> S \<and> U \<subseteq> T \<and> even(card T)} = card {T. T \<subseteq> S \<and> U \<subseteq> T \<and> odd(card T)},False,deadline_overrun,129.94,True,True,False
hol_main_hard,class.linorder (\<lambda>c d. of_char c \<le> (of_char d :: nat)) (\<lambda>c d. of_char c < (of_char d :: nat)),False,deadline_overrun,139.43,True,True,False
hol_main_hard,d dvd a \<and> d dvd b \<and> (\<forall>e. e dvd a \<and> e dvd b \<longrightarrow> e dvd d) \<longleftrightarrow> d = gcd a b,False,deadline_overrun,125.38,True,True,False
hol_main_hard,disjoint A \<Longrightarrow> a \<in> A \<Longrightarrow> b \<in> A \<Longrightarrow> a \<noteq> b \<Longrightarrow> a \<inter> b = {},False,deadline_overrun,137.94,True,True,False
hol_main_hard,distinct xs = (\<forall>i < size xs. \<forall>j < size xs. i \<noteq> j \<longrightarrow> xs!i \<noteq> xs!j),True,success,64.25,False,True,False
hol_main_hard,distinct_adj (xs @ ys) \<longleftrightarrow> distinct_adj xs \<and> distinct_adj ys \<and> (xs = [] \<or> ys = [] \<or> last xs \<noteq> hd ys),True,success,67.44,False,True,False
hol_main_hard,dom (\<lambda>x. if P x then f x else g x) = dom f \<inter> {x. P x} \<union> dom g \<inter> {x. \<not> P x},True,success,49.44,False,True,False
hol_main_hard,"equiv A r \<Longrightarrow> x \<in> A \<Longrightarrow> y \<in> A \<Longrightarrow> r``{x} = r``{y} \<longleftrightarrow> (x, y) \<in> r",True,success,53.72,False,True,False
hol_main_hard,eventually P (filtercomap f at_top) \<longleftrightarrow> (\<exists>N::'a::linorder. \<forall>x. f x \<ge> N \<longrightarrow> P x),True,success,66.94,False,True,False
hol_main_hard,finite (A//R) \<Longrightarrow> R \<subseteq> S \<Longrightarrow> equiv A R \<Longrightarrow> equiv A S \<Longrightarrow> finite (A//S),True,success,82.28,False,True,False
hol_main_hard,finite (UNIV :: 'a set) \<Longrightarrow> finite (UNIV :: 'b set) \<Longrightarrow> finite (UNIV :: ('a \<times> 'b) set),True,success,82.25,False,True,False
hol_main_hard,finite A \<Longrightarrow> (\<And>M. M \<in> A \<Longrightarrow> finite M) \<Longrightarrow> finite (\<Union>A),True,success,7.21,False,True,False
hol_main_hard,finite A \<Longrightarrow> \<forall>y\<in>A. eventually (\<lambda>x. P x y) net \<Longrightarrow> eventually (\<lambda>x. \<forall>y\<in>A. P x y) net,False,hallucinated_id,134.89,True,True,False
hol_main_hard,finite A \<Longrightarrow> finite B \<Longrightarrow> A \<inter> B = {} \<Longrightarrow> card (A \<union> B) = card A + card B,True,success,7.38,False,True,False
hol_main_hard,finite A \<Longrightarrow> r \<subseteq> A \<times> A \<Longrightarrow> X \<in> A//r \<Longrightarrow> finite X,True,success,82.03,False,True,False
hol_main_hard,finite X \<Longrightarrow> (x::'a::conditionally_complete_lattice) \<in> X \<Longrightarrow> Inf X \<le> x,False,deadline_overrun,125.46,True,True,False
hol_main_hard,i \<notin> I \<Longrightarrow> disjoint_family_on A (insert i I) \<longleftrightarrow> A i \<inter> (\<Union>i\<in>I. A i) = {} \<and> disjoint_family_on A I,False,sorry_leak,119.47,True,True,False
hol_main_hard,inj_on f A \<Longrightarrow> x \<in> A \<Longrightarrow> y \<in> A \<Longrightarrow> f x = f y \<longleftrightarrow> x = y,True,success,82.01,False,True,False
hol_main_hard,inj_on f C \<Longrightarrow> A \<subseteq> C \<Longrightarrow> B \<subseteq> C \<Longrightarrow> f ` A = f ` B \<longleftrightarrow> A = B,True,success,90.49,False,True,False
hol_main_hard,"irrefl_on A r \<longleftrightarrow> (\<forall>(a, b) \<in> r. a \<in> A \<longrightarrow> b \<in> A \<longrightarrow> a \<noteq> b)",False,deadline_overrun,126.31,True,True,False
hol_main_hard,left_unique Q \<Longrightarrow> (\<And>x y. R x y \<Longrightarrow> Q x y) \<Longrightarrow> left_unique R,True,success,36.63,False,True,False
hol_main_hard,length xs = length ys \<Longrightarrow> P [] [] \<Longrightarrow> (\<And>x xs y ys. length xs = length ys \<Longrightarrow> P xs ys \<Longrightarrow> P (x#xs) (y#ys)) \<Longrightarrow> P xs ys,False,deadline_overrun,145.76,True,True,False
hol_main_hard,length xs = length ys \<or> length us = length vs \<Longrightarrow> (xs@us = ys@vs) = (xs=ys \<and> us=vs),True,success,9.23,False,True,False
hol_main_hard,map_of xs k = Some z \<Longrightarrow> P k z \<Longrightarrow> map_of (filter (case_prod P) xs) k = Some z,True,success,37.17,False,True,False
hol_main_hard,minus_list_mset (x#xs) ys = (if x \<in> set ys then minus_list_mset xs (remove1 x ys) else x # (minus_list_mset xs ys)),True,success,37.64,False,True,False
hol_main_hard,monotone_on A P (\<ge>) f \<Longrightarrow> monotone_on A P (\<ge>) g \<Longrightarrow> monotone_on A P (\<ge>) (f \<sqinter> g),False,truncation,126.56,True,True,False
hol_main_hard,monotone_on A P (\<ge>) f \<Longrightarrow> monotone_on A P (\<ge>) g \<Longrightarrow> monotone_on A P (\<ge>) (f \<squnion> g),False,hallucinated_id,140.03,True,True,False
hol_main_hard,monotone_on A P (\<le>) f \<Longrightarrow> monotone_on A P (\<le>) g \<Longrightarrow> monotone_on A P (\<le>) (f \<squnion> g),False,deadline_overrun,133.23,True,True,False
hol_main_hard,n choose k = (if k > n then 0 else if 2 * k > n then n choose (n - k) else (fold_atLeastAtMost_nat (*) (n - k + 1) n 1 div fact k)),True,success,63.46,False,True,False
hol_main_hard,r \<subseteq> s \<Longrightarrow> (r\<^sup>+ \<inter> s) O r \<subseteq> s \<Longrightarrow> r\<^sup>+ \<subseteq> s,True,success,38.36,False,True,False
hol_main_hard,summable (\<lambda>n. f (Suc n) * z ^ n :: 'a::real_normed_div_algebra) = summable (\<lambda>n. f n * z ^ n),False,sorry_leak,109.52,True,True,False
hol_main_hard,symp_on A R \<Longrightarrow> x \<in> A \<Longrightarrow> y \<in> A \<Longrightarrow> R x y \<Longrightarrow> R y x,True,success,37.69,False,True,False
hol_main_hard,totalp_on A R \<Longrightarrow> x \<in> A \<Longrightarrow> y \<in> A \<Longrightarrow> x \<noteq> y \<Longrightarrow> R x y \<or> R y x,True,success,64.20,False,True,False
hol_main_hard,|\<Union>(\<Union>((\<lambda>f. f x) ` X))| \<le>o hbd \<Longrightarrow> |(Union \<circ> collect X) x| \<le>o hbd,False,sorry_leak,119.54,True,True,False
hol_main_mid,(A \<inter> B) \<times> C = A \<times> C \<inter> B \<times> C,True,success,5.85,False,True,False
hol_main_mid,(LIM x F. f x :> at_top) \<longleftrightarrow> (\<forall>Z. eventually (\<lambda>x. Z < f x) F),False,deadline_overrun,128.20,True,True,False
hol_main_mid,(\<And>P. eventually P F' \<Longrightarrow> eventually P F) \<Longrightarrow> F \<le> F',True,success,64.17,False,True,False
hol_main_mid,"(\<And>a. a \<in> A \<Longrightarrow> (a, a) \<notin> r) \<Longrightarrow> irrefl_on A r",True,success,38.20,False,True,False
hol_main_mid,(\<And>n. f n = g n) \<Longrightarrow> f sums c \<longleftrightarrow> g sums c,True,success,9.22,False,True,False
hol_main_mid,(\<And>x y. R x y \<Longrightarrow> f x < f y) \<Longrightarrow> wfp R,False,deadline_overrun,126.47,True,True,False
hol_main_mid,(\<And>x. P (f x) = Q x) \<Longrightarrow> f -` (Collect P) = Collect Q,True,success,7.07,False,True,False
hol_main_mid,(\<Sum>k\<le>m. (2 * m + 1 choose k)) = 2 ^ (2 * m),True,success,55.89,False,True,False
hol_main_mid,(\<lambda>n. if n \<in> A then f n else g n) sums S',False,sorry_leak,114.37,True,True,False
hol_main_mid,"(\<lambda>x y. (x, y) \<in> R) \<le> (\<lambda>x y. (x, y) \<in> S) \<longleftrightarrow> R \<subseteq> S",True,success,9.38,False,True,False
hol_main_mid,(a::'a::cancel_comm_monoid_add) + b = a \<longleftrightarrow> b = 0,True,success,9.14,False,True,False
hol_main_mid,(a::'a::group_add) + b = 0 \<Longrightarrow> - a = b,True,success,63.57,False,True,False
hol_main_mid,(a::'a::normalization_semidom) div unit_factor a = normalize a,True,success,9.18,False,True,False
hol_main_mid,(a::'a::ordered_ab_group_add) < - b \<longleftrightarrow> b < - a,True,success,32.62,False,True,False
hol_main_mid,(a::'a::semiring_gcd) dvd gcd b c \<Longrightarrow> a dvd c,True,success,9.29,False,True,False
hol_main_mid,(a::'a::semiring_modulo) - a mod b = b * (a div b),True,success,32.85,False,True,False
hol_main_mid,(a::'a::semiring_no_zero_divisors) * b = 0 \<longleftrightarrow> a = 0 \<or> b = 0,True,success,9.23,False,True,False
hol_main_mid,(f :: 'a \<Rightarrow> 'b) = g \<Longrightarrow> f x = g x,True,success,7.23,False,True,False
hol_main_mid,(filter P xs = []) = (\<forall>x\<in>set xs. \<not> P x),True,success,38.14,False,True,False
hol_main_mid,(i::'a::linordered_semidom) + k \<le> n \<Longrightarrow> n \<le> j + k \<Longrightarrow> n - k \<le> j,True,success,63.44,False,True,False
hol_main_mid,(if P then if Q then x else y else y) = (if P \<and> Q then x else y),True,success,9.26,False,True,False
hol_main_mid,(inf r (\<noteq>))\<^sup>*\<^sup>* = r\<^sup>*\<^sup>*,True,success,77.25,False,True,False
hol_main_mid,(k::'a::semiring_gcd_mult_normalize) * lcm a b = lcm (k * a) (k * b) * unit_factor k,True,success,33.64,False,True,False
hol_main_mid,"(x, y) \<in> f <*mlex*> R \<longleftrightarrow> f x < f y \<or> f x = f y \<and> (x, y) \<in> R",True,success,38.26,False,True,False
hol_main_mid,"(x, y) \<in> inv_image r f \<longleftrightarrow> (f x, f y) \<in> r",True,success,9.24,False,True,False
hol_main_mid,(x::'a::preorder) < y \<Longrightarrow> (\<not> y < x) \<longleftrightarrow> True,True,success,38.05,False,True,False
hol_main_mid,(y::'a::semilattice_inf) \<le> x \<Longrightarrow> x \<sqinter> y = y,False,sorry_leak,103.87,True,True,False
hol_main_mid,0 < (a::'a::ordered_cancel_comm_monoid_add) \<Longrightarrow> b \<le> c \<Longrightarrow> b < a + c,True,success,63.39,False,True,False
hol_main_mid,A = B \<longleftrightarrow> A \<subseteq> B \<and> B \<subseteq> A,True,success,7.01,False,True,False
hol_main_mid,A \<subseteq> B \<Longrightarrow> x \<in> A \<longrightarrow> x \<in> B,True,success,7.07,False,True,False
hol_main_mid,"A \<times> insert y B = (\<lambda>x. (x, y)) ` A \<union> A \<times> B",True,success,7.09,False,True,False
hol_main_mid,Collect P = {} \<longleftrightarrow> (\<forall>x. \<not> P x),True,success,7.21,False,True,False
hol_main_mid,Domain (A \<inter> B) \<subseteq> Domain A \<inter> Domain B,True,success,7.24,False,True,False
hol_main_mid,"Field (insert (a, b) r) = {a, b} \<union> Field r",True,success,9.23,False,True,False
hol_main_mid,P \<le> Q \<Longrightarrow> P x y \<Longrightarrow> Q x y,True,success,7.23,False,True,False
hol_main_mid,Suc (card {k. Suc k \<in> M \<and> k < i}) = card {k \<in> M. k < Suc i},False,deadline_overrun,133.25,True,True,False
hol_main_mid,\<And>x. x \<in> N \<Longrightarrow> f x = g x,False,deadline_overrun,125.17,True,True,False
hol_main_mid,\<exists>(b::'a::linear_continuum). a < b \<or> b < a,True,success,40.92,False,True,False
hol_main_mid,\<exists>(x::'a::linorder). x \<noteq> y \<and> P,False,deadline_overrun,127.48,True,True,False
hol_main_mid,"\<forall>x. (x, x) \<notin> r\<^sup>+ \<Longrightarrow> (x, y) \<in> r \<Longrightarrow> x \<noteq> y",True,success,7.22,False,True,False
hol_main_mid,\<lbrakk>(l::'a::linorder) \<le> m; m \<le> u\<rbrakk> \<Longrightarrow> {l..m} \<union> {m<..u} = {l..u},True,success,9.22,False,True,False
hol_main_mid,\<lbrakk>\<exists>\<^sub>\<le>\<^sub>1x. P x; P a\<rbrakk> \<Longrightarrow> (THE x. P x) = a,True,success,63.62,False,True,False
hol_main_mid,\<not> (n::'a::canonically_ordered_monoid_add) < 0,True,success,9.02,False,True,False
hol_main_mid,\<not> P x \<Longrightarrow> takeWhile P (xs @ (x#l)) = takeWhile P xs,True,success,32.61,False,True,False
hol_main_mid,\<top> \<le> (a::'a::order_top) \<longleftrightarrow> a = \<top>,False,sorry_leak,103.26,True,True,False
hol_main_mid,a \<circ> b = c \<circ> d \<Longrightarrow> a (b v) = c (d v),True,success,35.24,False,True,False
hol_main_mid,"acyclic (insert (y, x) r) \<longleftrightarrow> acyclic r \<and> (x, y) \<notin> r\<^sup>*",True,success,7.02,False,True,False
hol_main_mid,"antisymp_on A (\<lambda>x y. (x, y) \<in> r) \<longleftrightarrow> antisym_on A r",True,success,50.84,False,True,False
hol_main_mid,bij_betw f A A' \<Longrightarrow> a' \<in> A' \<Longrightarrow> f (inv_into A f a') = a',True,success,37.10,False,True,False
hol_main_mid,bij_betw f A B \<Longrightarrow> bij_betw (the_inv_into A f) B A,True,success,35.19,False,True,False
hol_main_mid,c \<in> A \<inter> B \<Longrightarrow> c \<in> B,True,success,7.13,False,True,False
hol_main_mid,card (A - {x}) = (if x \<in> A then card A - 1 else card A),True,success,7.09,False,True,False
hol_main_mid,coprime ((a::'a::algebraic_semidom) * c) (b * c) \<longleftrightarrow> is_unit c \<and> coprime a b,True,success,9.33,False,True,False
hol_main_mid,coprime 0 (a::'a::algebraic_semidom) \<longleftrightarrow> is_unit a,True,success,9.22,False,True,False
hol_main_mid,disjnt (insert a X) Y \<longleftrightarrow> a \<notin> Y \<and> disjnt X Y,True,success,9.14,False,True,False
hol_main_mid,distinct xs \<Longrightarrow> distinct (minus_list_set xs ys),True,success,32.62,False,True,False
hol_main_mid,distinct xs \<Longrightarrow> distinct ys \<Longrightarrow> distinct (List.product xs ys),False,deadline_overrun,128.41,True,True,False
hol_main_mid,drop n xs = [] \<longleftrightarrow> length xs \<le> n,True,success,9.22,False,True,False
hol_main_mid,equiv A r \<Longrightarrow> equiv (lists A) (listrel r),True,success,32.63,False,True,False
hol_main_mid,"eventually (\<lambda>x::'a::{no_bot, linorder}. x \<noteq> c) at_bot",True,success,9.26,False,True,False
hol_main_mid,f -` (f ` A) = {y. \<exists>x\<in>A. f x = f y},True,success,55.73,False,True,False
hol_main_mid,f x = None \<Longrightarrow> dom f - insert x A = dom f - A,True,success,7.22,False,True,False
hol_main_mid,finite A \<longleftrightarrow> (\<exists>n f. A = f ` {i::nat. i < n}),False,deadline_overrun,134.28,True,True,False
hol_main_mid,foldl g a (map f xs) = foldl (\<lambda>a x. g a (f x)) a xs,True,success,50.15,False,True,False
hol_main_mid,foldr f xs a = foldl (\<lambda>x y. f y x) a (rev xs),True,success,54.52,False,True,False
hol_main_mid,i \<le> j \<Longrightarrow> j \<le> k \<Longrightarrow> [i..k] = [i..j-1] @ [j..k],True,success,63.38,False,True,False
hol_main_mid,inj f \<Longrightarrow> (map f xs = map f ys) = (xs = ys),True,success,9.13,False,True,False
hol_main_mid,inj f \<Longrightarrow> filtermap f F = filtermap f G \<longleftrightarrow> F = G,True,success,38.72,False,True,False
hol_main_mid,inj_on f (insert a A) \<longleftrightarrow> inj_on f A \<and> f a \<notin> f ` (A - {a}),True,success,7.13,False,True,False
hol_main_mid,inj_on f A \<Longrightarrow> f x = y \<Longrightarrow> x \<in> A \<Longrightarrow> the_inv_into A f y = x,True,success,82.04,False,True,False
hol_main_mid,irrefl_on B r \<Longrightarrow> A \<subseteq> B \<Longrightarrow> irrefl_on A r,True,success,38.35,False,True,False
hol_main_mid,j - k \<le> i \<longleftrightarrow> j \<le> i + k,True,success,28.07,False,True,False
hol_main_mid,k \<le> m \<Longrightarrow> k \<le> n \<Longrightarrow> m - k \<le> n - k \<longleftrightarrow> m \<le> n,True,success,28.22,False,True,False
hol_main_mid,left_unique A \<Longrightarrow> left_unique (rel_set A),True,success,43.13,False,True,False
hol_main_mid,length (transpose xs) = (if xs = [] then 0 else length (xs ! 0)),False,deadline_overrun,129.12,True,True,False
hol_main_mid,m \<ge> n \<Longrightarrow> gcd (m - n) n = gcd m n,False,sorry_leak,112.24,True,True,False
hol_main_mid,m \<noteq> n \<longleftrightarrow> m < n \<or> n < m,True,success,28.31,False,True,False
hol_main_mid,map_filter_on X f F = Abs_filter (\<lambda>P. eventually (\<lambda>x. P (f x) \<and> x \<in> X) F),True,success,49.11,False,True,False
hol_main_mid,mono Q \<Longrightarrow> mono (\<lambda>i x. Q i (f x)),True,success,50.72,False,True,False
hol_main_mid,n < length xs \<Longrightarrow> (map f xs)!n = f(xs!n),True,success,9.09,False,True,False
hol_main_mid,n < length xs \<Longrightarrow> take n xs @ [hd (drop n xs)] = take (Suc n) xs,True,success,32.85,False,True,False
hol_main_mid,n \<le> m \<Longrightarrow> Suc m - n = Suc (m - n),True,success,9.13,False,True,False
hol_main_mid,nat x \<le> n \<longleftrightarrow> x \<le> int n,True,success,9.24,False,True,False
hol_main_mid,nat_of_natural (max k l) = max (nat_of_natural k) (nat_of_natural l),True,success,9.22,False,True,False
hol_main_mid,p \<in> R\<^sup>* \<Longrightarrow> \<exists>n. p \<in> R ^^ n,True,success,63.56,False,True,False
hol_main_mid,prefix xs (ys @ [y]) \<longleftrightarrow> xs = ys @ [y] \<or> prefix xs ys,False,sorry_leak,119.85,True,True,False
hol_main_mid,prefix xs ys \<Longrightarrow> set xs \<subseteq> set ys,False,deadline_overrun,142.27,True,True,False
hol_main_mid,r \<le> s \<Longrightarrow> antisymp s \<Longrightarrow> antisymp r,True,success,63.62,False,True,False
hol_main_mid,"r `` s = {y. \<exists>x\<in>s. (x, y) \<in> r}",True,success,7.14,False,True,False
hol_main_mid,rel_set (eq_onp P) = eq_onp (\<lambda>A. Ball A P),True,success,50.80,False,True,False
hol_main_mid,replicate (length (filter (\<lambda>y. x = y) xs)) x = filter (\<lambda>y. x = y) xs,True,success,38.84,False,True,False
hol_main_mid,size_list f (map g xs) = size_list (f \<circ> g) xs,True,success,9.18,False,True,False
hol_main_mid,strict_antimono_on S f \<longleftrightarrow> antimono_on S f \<and> inj_on f S,False,deadline_overrun,127.57,True,True,False
hol_main_mid,subseq (zs @ xs) (zs @ ys) \<longleftrightarrow> subseq xs ys,False,sorry_leak,109.85,True,True,False
hol_main_mid,totalp_on A R \<Longrightarrow> totalp_on A (tranclp R),True,success,39.07,False,True,False
hol_main_mid,totalp_on A R\<inverse>\<inverse> = totalp_on A R,True,success,9.27,False,True,False
hol_main_mid,x \<notin> set xs \<Longrightarrow> (f(xs[\<mapsto>]ys)) x = f x,True,success,9.21,False,True,False
hol_main_mid,xs \<in> set (suffixes ys) \<longleftrightarrow> suffix xs ys,False,sorry_leak,108.38,True,True,False
hol_main_mid,"y < x \<Longrightarrow> Sup {y..<x::'a::{conditionally_complete_linorder, dense_linorder}} = x",True,success,9.31,False,True,False
hol_main_mid,zs \<in> shuffles xs ys \<Longrightarrow> z # zs \<in> shuffles (z # xs) ys,True,success,32.84,False,True,False
